mapping,ordering,global_masking_rate,entropy,A->C,A->G,A->T,C->A,C->G,C->T,G->A,G->C,G->T,T->A,T->C,T->G
0,,0.396615,3.824088,0.352344,0.375781,0.446875,0.352344,0.354688,0.432813,0.375781,0.354688,0.417188,0.446875,0.432813,0.417188
0,110_cov,0.490234,3.499864,0.458594,0.444531,0.464063,0.458594,0.414844,0.743750,0.444531,0.414844,0.415625,0.464063,0.743750,0.415625
0,110_ct,0.519661,3.372442,0.454688,0.487500,0.453125,0.454688,0.521875,0.678125,0.487500,0.521875,0.522656,0.453125,0.678125,0.522656
0,110_ga,0.526172,3.226883,0.446875,0.664844,0.580469,0.446875,0.439844,0.432813,0.664844,0.439844,0.592187,0.580469,0.432813,0.592187
0,110_gc,0.504687,3.330911,0.487500,0.447656,0.414062,0.487500,0.618750,0.573438,0.447656,0.618750,0.486719,0.414062,0.573438,0.486719
1,,0.387370,3.864878,0.368750,0.407813,0.410156,0.368750,0.359375,0.399219,0.407813,0.359375,0.378906,0.410156,0.399219,0.378906
10,,0.387760,3.829998,0.378906,0.403906,0.364062,0.378906,0.327344,0.417188,0.403906,0.327344,0.435156,0.364062,0.417188,0.435156
10,110_cov,0.564974,3.068556,0.516406,0.589063,0.552344,0.516406,0.535937,0.624219,0.589063,0.535937,0.571875,0.552344,0.624219,0.571875
10,110_ct,0.518099,3.279866,0.535156,0.410156,0.528906,0.535156,0.466406,0.689844,0.410156,0.466406,0.478125,0.528906,0.689844,0.478125
10,110_ga,0.538411,3.204850,0.478125,0.666406,0.562500,0.478125,0.479688,0.481250,0.666406,0.479688,0.562500,0.562500,0.481250,0.562500
10,110_gc,0.517839,3.270113,0.480469,0.514062,0.461719,0.480469,0.603906,0.519531,0.514062,0.603906,0.527344,0.461719,0.519531,0.527344
11,,0.407161,3.780333,0.417188,0.378906,0.428125,0.417188,0.382031,0.421094,0.378906,0.382031,0.415625,0.428125,0.421094,0.415625
11,110_cov,0.542448,3.159654,0.499219,0.471875,0.503906,0.499219,0.545312,0.682031,0.471875,0.545312,0.552344,0.503906,0.682031,0.552344
11,110_ct,0.519661,3.268297,0.509375,0.428906,0.507031,0.509375,0.475000,0.727344,0.428906,0.475000,0.470313,0.507031,0.727344,0.470313
11,110_ga,0.559766,3.101363,0.545312,0.617188,0.559375,0.545312,0.528906,0.564063,0.617188,0.528906,0.543750,0.559375,0.564063,0.543750
11,110_gc,0.564063,3.068843,0.546875,0.529687,0.566406,0.546875,0.627344,0.567187,0.529687,0.627344,0.546875,0.566406,0.567187,0.546875
12,,0.407031,3.819046,0.362500,0.395312,0.417188,0.362500,0.419531,0.417969,0.395312,0.419531,0.429688,0.417188,0.417969,0.429688
12,110_cov,0.552474,3.110249,0.560937,0.500781,0.541406,0.560937,0.537500,0.603125,0.500781,0.537500,0.571094,0.541406,0.603125,0.571094
12,110_ct,0.513151,3.322890,0.477344,0.422656,0.481250,0.477344,0.513281,0.691406,0.422656,0.513281,0.492969,0.481250,0.691406,0.492969
12,110_ga,0.545573,3.119422,0.553906,0.680469,0.513281,0.553906,0.549219,0.453125,0.680469,0.549219,0.523438,0.513281,0.453125,0.523438
12,110_gc,0.541406,3.143173,0.524219,0.538281,0.447656,0.524219,0.689063,0.526563,0.538281,0.689063,0.522656,0.447656,0.526563,0.522656
13,,0.412500,3.720327,0.425000,0.353906,0.429688,0.425000,0.382031,0.478906,0.353906,0.382031,0.405469,0.429688,0.478906,0.405469
13,110_cov,0.532813,3.199906,0.521094,0.465625,0.519531,0.521094,0.534375,0.657031,0.465625,0.534375,0.499219,0.519531,0.657031,0.499219
13,110_ct,0.519792,3.278544,0.503906,0.392969,0.503906,0.503906,0.485156,0.737500,0.392969,0.485156,0.495313,0.503906,0.737500,0.495313
13,110_ga,0.539323,3.206298,0.483594,0.642188,0.571875,0.483594,0.478906,0.484375,0.642188,0.478906,0.575000,0.571875,0.484375,0.575000
13,110_gc,0.513672,3.308105,0.435156,0.416406,0.429688,0.435156,0.746094,0.535937,0.416406,0.746094,0.518750,0.429688,0.535937,0.518750
14,,0.393880,3.823416,0.403125,0.419531,0.382812,0.403125,0.400781,0.384375,0.419531,0.400781,0.372656,0.382812,0.384375,0.372656
14,110_cov,0.533464,3.143153,0.567969,0.470313,0.585938,0.567969,0.445312,0.678125,0.470313,0.445312,0.453125,0.585938,0.678125,0.453125
14,110_ct,0.541927,3.195514,0.573438,0.490625,0.567969,0.573438,0.487500,0.653125,0.490625,0.487500,0.478906,0.567969,0.653125,0.478906
14,110_ga,0.529557,3.183422,0.503125,0.692187,0.511719,0.503125,0.521094,0.427344,0.692187,0.521094,0.521875,0.511719,0.427344,0.521875
14,110_gc,0.552604,3.108857,0.514844,0.500781,0.502344,0.514844,0.685156,0.563281,0.500781,0.685156,0.549219,0.502344,0.563281,0.549219
15,,0.402865,3.786088,0.417188,0.332812,0.466406,0.417188,0.371094,0.457031,0.332812,0.371094,0.372656,0.466406,0.457031,0.372656
15,110_cov,0.549740,3.146387,0.518750,0.458594,0.511719,0.518750,0.555469,0.697656,0.458594,0.555469,0.556250,0.511719,0.697656,0.556250
15,110_ct,0.541667,3.155013,0.511719,0.442969,0.512500,0.511719,0.537500,0.697656,0.442969,0.537500,0.547656,0.512500,0.697656,0.547656
15,110_ga,0.510807,3.323449,0.496094,0.613281,0.479688,0.496094,0.511719,0.441406,0.613281,0.511719,0.522656,0.479688,0.441406,0.522656
15,110_gc,0.523438,3.253971,0.452344,0.462500,0.421094,0.452344,0.730469,0.530469,0.462500,0.730469,0.543750,0.421094,0.530469,0.543750
16,,0.396354,3.795654,0.394531,0.375000,0.440625,0.394531,0.363281,0.398438,0.375000,0.363281,0.406250,0.440625,0.398438,0.406250
16,110_cov,0.545052,3.119633,0.519531,0.538281,0.608594,0.519531,0.475000,0.584375,0.538281,0.475000,0.544531,0.608594,0.584375,0.544531
16,110_ct,0.560417,3.100253,0.618750,0.511719,0.604688,0.618750,0.498437,0.639844,0.511719,0.498437,0.489062,0.604688,0.639844,0.489062
16,110_ga,0.519401,3.328172,0.466406,0.725781,0.519531,0.466406,0.450000,0.459375,0.725781,0.450000,0.495313,0.519531,0.459375,0.495313
16,110_gc,0.551042,3.176039,0.597656,0.586719,0.453906,0.597656,0.685156,0.493750,0.586719,0.685156,0.489062,0.453906,0.493750,0.489062
17,,0.389844,3.839353,0.385938,0.369531,0.423438,0.385938,0.386719,0.348437,0.369531,0.386719,0.425000,0.423438,0.348437,0.425000
17,110_cov,0.557161,3.105591,0.592969,0.478906,0.603906,0.592969,0.505469,0.657813,0.478906,0.505469,0.503906,0.603906,0.657813,0.503906
17,110_ct,0.516536,3.305654,0.476562,0.444531,0.467187,0.476562,0.480469,0.759375,0.444531,0.480469,0.471094,0.467187,0.759375,0.471094
17,110_ga,0.554557,3.113849,0.487500,0.653125,0.564844,0.487500,0.501563,0.538281,0.653125,0.501563,0.582031,0.564844,0.538281,0.582031
17,110_gc,0.541797,3.157873,0.490625,0.491406,0.437500,0.490625,0.701562,0.570312,0.491406,0.701562,0.559375,0.437500,0.570312,0.559375
18,,0.428776,3.651784,0.443750,0.403906,0.465625,0.443750,0.388281,0.450781,0.403906,0.388281,0.420312,0.465625,0.450781,0.420312
18,110_cov,0.551562,3.176966,0.484375,0.478906,0.498437,0.484375,0.589844,0.675781,0.478906,0.589844,0.582031,0.498437,0.675781,0.582031
18,110_ct,0.521224,3.297877,0.499219,0.416406,0.504687,0.499219,0.493750,0.732031,0.416406,0.493750,0.481250,0.504687,0.732031,0.481250
18,110_ga,0.502474,3.332402,0.471875,0.612500,0.539062,0.471875,0.494531,0.396875,0.612500,0.494531,0.500000,0.539062,0.396875,0.500000
18,110_gc,0.560156,3.104222,0.501563,0.484375,0.502344,0.501563,0.673438,0.601562,0.484375,0.673438,0.597656,0.502344,0.601562,0.597656
19,,0.407943,3.750019,0.342187,0.398438,0.377344,0.342187,0.432031,0.390625,0.398438,0.432031,0.507031,0.377344,0.390625,0.507031
19,110_cov,0.543359,3.165918,0.507031,0.564844,0.528906,0.507031,0.525781,0.498437,0.564844,0.525781,0.635156,0.528906,0.498437,0.635156
19,110_ct,0.537500,3.227006,0.461719,0.477344,0.487500,0.461719,0.608594,0.578906,0.477344,0.608594,0.610938,0.487500,0.578906,0.610938
19,110_ga,0.557943,3.141005,0.587500,0.682031,0.491406,0.587500,0.597656,0.489844,0.682031,0.597656,0.499219,0.491406,0.489844,0.499219
19,110_gc,0.521484,3.272469,0.527344,0.510156,0.421875,0.527344,0.696875,0.484375,0.510156,0.696875,0.488281,0.421875,0.484375,0.488281
1,110_cov,0.526432,3.207010,0.530469,0.489844,0.541406,0.530469,0.482812,0.620313,0.489844,0.482812,0.493750,0.541406,0.620313,0.493750
1,110_ct,0.540625,3.227789,0.484375,0.431250,0.484375,0.484375,0.568750,0.715625,0.431250,0.568750,0.559375,0.484375,0.715625,0.559375
1,110_ga,0.495573,3.414593,0.464844,0.739062,0.453906,0.464844,0.470313,0.403125,0.739062,0.470313,0.442187,0.453906,0.403125,0.442187
1,110_gc,0.557161,3.085307,0.565625,0.546875,0.552344,0.565625,0.621094,0.539062,0.546875,0.621094,0.517969,0.552344,0.539062,0.517969
2,,0.385547,3.869894,0.400781,0.403906,0.378906,0.400781,0.387500,0.380469,0.403906,0.387500,0.361719,0.378906,0.380469,0.361719
20,,0.416016,3.746221,0.417188,0.428906,0.469531,0.417188,0.371875,0.388281,0.428906,0.371875,0.420312,0.469531,0.388281,0.420312
20,110_cov,0.518490,3.256806,0.431250,0.450000,0.443750,0.431250,0.531250,0.706250,0.450000,0.531250,0.548438,0.443750,0.706250,0.548438
20,110_ct,0.541146,3.162992,0.485938,0.499219,0.466406,0.485938,0.581250,0.649219,0.499219,0.581250,0.564844,0.466406,0.649219,0.564844
20,110_ga,0.545182,3.130251,0.528125,0.692969,0.510156,0.528125,0.532813,0.492969,0.692969,0.532813,0.514062,0.510156,0.492969,0.514062
20,110_gc,0.546875,3.163270,0.567969,0.586719,0.481250,0.567969,0.665625,0.483594,0.586719,0.665625,0.496094,0.481250,0.483594,0.496094
21,,0.406901,3.765612,0.479688,0.432813,0.375781,0.479688,0.422656,0.385156,0.432813,0.422656,0.345313,0.375781,0.385156,0.345313
21,110_cov,0.559115,3.062838,0.546094,0.585938,0.538281,0.546094,0.540625,0.607031,0.585938,0.540625,0.536719,0.538281,0.607031,0.536719
21,110_ct,0.517318,3.313450,0.528125,0.402344,0.534375,0.528125,0.451562,0.729688,0.402344,0.451562,0.457812,0.534375,0.729688,0.457812
21,110_ga,0.550391,3.167442,0.557813,0.685156,0.495313,0.557813,0.559375,0.505469,0.685156,0.559375,0.499219,0.495313,0.505469,0.499219
21,110_gc,0.529297,3.224972,0.525781,0.528125,0.457031,0.525781,0.725000,0.467187,0.528125,0.725000,0.472656,0.457031,0.467187,0.472656
22,,0.402344,3.819610,0.456250,0.368750,0.418750,0.456250,0.400000,0.427344,0.368750,0.400000,0.342969,0.418750,0.427344,0.342969
22,110_cov,0.557422,3.098587,0.491406,0.498437,0.487500,0.491406,0.603125,0.661719,0.498437,0.603125,0.602344,0.487500,0.661719,0.602344
22,110_ct,0.516797,3.340897,0.461719,0.435937,0.462500,0.461719,0.518750,0.702344,0.435937,0.518750,0.519531,0.462500,0.702344,0.519531
22,110_ga,0.518490,3.291213,0.511719,0.700781,0.469531,0.511719,0.536719,0.439063,0.700781,0.536719,0.453125,0.469531,0.439063,0.453125
22,110_gc,0.534896,3.167717,0.551562,0.548438,0.429688,0.551562,0.689844,0.500000,0.548438,0.689844,0.489844,0.429688,0.500000,0.489844
23,,0.382943,3.873207,0.383594,0.389844,0.378906,0.383594,0.364844,0.439844,0.389844,0.364844,0.340625,0.378906,0.439844,0.340625
23,110_cov,0.538151,3.198915,0.527344,0.578125,0.584375,0.527344,0.484375,0.525000,0.578125,0.484375,0.529687,0.584375,0.525000,0.529687
23,110_ct,0.560807,3.094637,0.496875,0.502344,0.496875,0.496875,0.602344,0.670312,0.502344,0.602344,0.596094,0.496875,0.670312,0.596094
23,110_ga,0.514193,3.380519,0.498437,0.646094,0.500000,0.498437,0.491406,0.457812,0.646094,0.491406,0.491406,0.500000,0.457812,0.491406
23,110_gc,0.518880,3.294764,0.462500,0.449219,0.440625,0.462500,0.733594,0.523438,0.449219,0.733594,0.503906,0.440625,0.523438,0.503906
24,,0.409115,3.767374,0.387500,0.440625,0.382812,0.387500,0.425781,0.439063,0.440625,0.425781,0.378906,0.382812,0.439063,0.378906
24,110_cov,0.559375,3.086719,0.535937,0.479688,0.531250,0.535937,0.569531,0.660937,0.479688,0.569531,0.578906,0.531250,0.660937,0.578906
24,110_ct,0.514583,3.319133,0.502344,0.419531,0.500000,0.502344,0.467187,0.732812,0.419531,0.467187,0.465625,0.500000,0.732812,0.465625
24,110_ga,0.543490,3.133519,0.535156,0.682031,0.519531,0.535156,0.510938,0.502344,0.682031,0.510938,0.510938,0.519531,0.502344,0.510938
24,110_gc,0.531510,3.218502,0.535937,0.532813,0.429688,0.535937,0.692187,0.498437,0.532813,0.692187,0.500000,0.429688,0.498437,0.500000
25,,0.399740,3.807775,0.446875,0.459375,0.369531,0.446875,0.391406,0.367969,0.459375,0.391406,0.363281,0.369531,0.367969,0.363281
25,110_cov,0.527995,3.229564,0.515625,0.508594,0.514844,0.515625,0.489844,0.650781,0.508594,0.489844,0.488281,0.514844,0.650781,0.488281
25,110_ct,0.493620,3.482416,0.453125,0.437500,0.486719,0.453125,0.428125,0.714063,0.437500,0.428125,0.442187,0.486719,0.714063,0.442187
25,110_ga,0.538411,3.162164,0.525781,0.660937,0.513281,0.525781,0.525000,0.460938,0.660937,0.525000,0.544531,0.513281,0.460938,0.544531
25,110_gc,0.527214,3.314243,0.525781,0.521875,0.449219,0.525781,0.683594,0.487500,0.521875,0.683594,0.495313,0.449219,0.487500,0.495313
26,,0.381901,3.894855,0.380469,0.449219,0.395312,0.380469,0.328125,0.358594,0.449219,0.328125,0.379687,0.395312,0.358594,0.379687
26,110_cov,0.552995,3.129702,0.525000,0.482812,0.530469,0.525000,0.557031,0.660156,0.482812,0.557031,0.562500,0.530469,0.660156,0.562500
26,110_ct,0.543229,3.180701,0.570312,0.469531,0.571094,0.570312,0.489844,0.666406,0.469531,0.489844,0.492188,0.571094,0.666406,0.492188
26,110_ga,0.562240,3.084087,0.508594,0.664062,0.615625,0.508594,0.512500,0.467969,0.664062,0.512500,0.604688,0.615625,0.467969,0.604688
26,110_gc,0.547396,3.143307,0.528125,0.528125,0.457031,0.528125,0.704688,0.524219,0.528125,0.704688,0.542188,0.457031,0.524219,0.542188
27,,0.415234,3.680906,0.433594,0.412500,0.410937,0.433594,0.416406,0.400781,0.412500,0.416406,0.417188,0.410937,0.400781,0.417188
27,110_cov,0.563151,3.096493,0.532813,0.567187,0.550781,0.532813,0.537500,0.633594,0.567187,0.537500,0.557031,0.550781,0.633594,0.557031
27,110_ct,0.546875,3.141835,0.587500,0.492969,0.555469,0.587500,0.500781,0.662500,0.492969,0.500781,0.482031,0.555469,0.662500,0.482031
27,110_ga,0.555599,3.156172,0.496094,0.671094,0.596094,0.496094,0.492969,0.484375,0.671094,0.492969,0.592969,0.596094,0.484375,0.592969
27,110_gc,0.544271,3.152513,0.525781,0.538281,0.498437,0.525781,0.701562,0.497656,0.538281,0.701562,0.503906,0.498437,0.497656,0.503906
28,,0.401302,3.818324,0.409375,0.396875,0.436719,0.409375,0.382812,0.418750,0.396875,0.382812,0.363281,0.436719,0.418750,0.363281
28,110_cov,0.534375,3.199235,0.530469,0.543750,0.586719,0.530469,0.475781,0.558594,0.543750,0.475781,0.510938,0.586719,0.558594,0.510938
28,110_ct,0.520443,3.244783,0.509375,0.428125,0.515625,0.509375,0.475000,0.717187,0.428125,0.475000,0.477344,0.515625,0.717187,0.477344
28,110_ga,0.548307,3.141033,0.507031,0.694531,0.537500,0.507031,0.510938,0.497656,0.694531,0.510938,0.542188,0.537500,0.497656,0.542188
28,110_gc,0.552865,3.119150,0.582812,0.582031,0.481250,0.582812,0.660156,0.495313,0.582031,0.660156,0.515625,0.481250,0.495313,0.515625
29,,0.386458,3.866604,0.385156,0.411719,0.385938,0.385156,0.350000,0.364844,0.411719,0.350000,0.421094,0.385938,0.364844,0.421094
29,110_cov,0.545312,3.137566,0.428906,0.496875,0.496875,0.428906,0.595313,0.598437,0.496875,0.595313,0.655469,0.496875,0.598437,0.655469
29,110_ct,0.563542,3.107473,0.606250,0.500781,0.603906,0.606250,0.496875,0.679688,0.500781,0.496875,0.493750,0.603906,0.679688,0.493750
29,110_ga,0.495833,3.410053,0.431250,0.757031,0.474219,0.431250,0.429688,0.398438,0.757031,0.429688,0.484375,0.474219,0.398438,0.484375
29,110_gc,0.532031,3.209707,0.543750,0.532813,0.429688,0.543750,0.701562,0.481250,0.532813,0.701562,0.503125,0.429688,0.481250,0.503125
2,110_cov,0.546354,3.121382,0.573438,0.509375,0.596875,0.573438,0.465625,0.651563,0.509375,0.465625,0.481250,0.596875,0.651563,0.481250
2,110_ct,0.553255,3.183636,0.544531,0.471094,0.538281,0.544531,0.539844,0.682813,0.471094,0.539844,0.542969,0.538281,0.682813,0.542969
2,110_ga,0.511458,3.408565,0.417188,0.738281,0.542969,0.417188,0.416406,0.417188,0.738281,0.416406,0.536719,0.542969,0.417188,0.536719
2,110_gc,0.532682,3.194258,0.535937,0.514062,0.445312,0.535937,0.684375,0.501563,0.514062,0.684375,0.514844,0.445312,0.501563,0.514844
3,,0.392188,3.872884,0.379687,0.382812,0.377344,0.379687,0.371094,0.416406,0.382812,0.371094,0.425781,0.377344,0.416406,0.425781
30,,0.416797,3.739543,0.442187,0.480469,0.406250,0.442187,0.434375,0.388281,0.480469,0.434375,0.349219,0.406250,0.388281,0.349219
30,110_cov,0.542057,3.173247,0.510156,0.528906,0.571875,0.510156,0.500000,0.600781,0.528906,0.500000,0.540625,0.571875,0.600781,0.540625
30,110_ct,0.560547,3.071381,0.510938,0.472656,0.514062,0.510938,0.613281,0.657031,0.472656,0.613281,0.595313,0.514062,0.657031,0.595313
30,110_ga,0.508854,3.334090,0.437500,0.726562,0.499219,0.437500,0.424219,0.444531,0.726562,0.424219,0.521094,0.499219,0.444531,0.521094
30,110_gc,0.556641,3.115575,0.494531,0.516406,0.487500,0.494531,0.662500,0.579688,0.516406,0.662500,0.599219,0.487500,0.579688,0.599219
31,,0.413932,3.739601,0.436719,0.421875,0.378125,0.436719,0.431250,0.413281,0.421875,0.431250,0.402344,0.378125,0.413281,0.402344
31,110_cov,0.552995,3.100303,0.586719,0.479688,0.579688,0.586719,0.495313,0.648438,0.479688,0.495313,0.528125,0.579688,0.648438,0.528125
31,110_ct,0.552083,3.124298,0.577344,0.467969,0.576562,0.577344,0.502344,0.663281,0.467969,0.502344,0.525000,0.576562,0.663281,0.525000
31,110_ga,0.554167,3.136576,0.561719,0.691406,0.497656,0.561719,0.571875,0.492188,0.691406,0.571875,0.510156,0.497656,0.492188,0.510156
31,110_gc,0.548438,3.121738,0.527344,0.560937,0.485156,0.527344,0.624219,0.546875,0.560937,0.624219,0.546094,0.485156,0.546875,0.546094
32,,0.404167,3.785858,0.384375,0.424219,0.319531,0.384375,0.453125,0.439063,0.424219,0.453125,0.404687,0.319531,0.439063,0.404687
32,110_cov,0.531380,3.185163,0.520312,0.486719,0.507812,0.520312,0.496094,0.650781,0.486719,0.496094,0.526563,0.507812,0.650781,0.526563
32,110_ct,0.516146,3.320994,0.435156,0.417969,0.439844,0.435156,0.531250,0.740625,0.417969,0.531250,0.532031,0.439844,0.740625,0.532031
32,110_ga,0.553385,3.138087,0.559375,0.696875,0.492969,0.559375,0.568750,0.498437,0.696875,0.568750,0.503906,0.492969,0.498437,0.503906
32,110_gc,0.542839,3.171114,0.503125,0.490625,0.467969,0.503125,0.699219,0.553125,0.490625,0.699219,0.542969,0.467969,0.553125,0.542969
33,,0.392839,3.873348,0.365625,0.383594,0.365625,0.365625,0.463281,0.376563,0.383594,0.463281,0.402344,0.365625,0.376563,0.402344
33,110_cov,0.532552,3.175900,0.436719,0.468750,0.443750,0.436719,0.575781,0.690625,0.468750,0.575781,0.579688,0.443750,0.690625,0.579688
33,110_ct,0.527734,3.310266,0.469531,0.464844,0.482812,0.469531,0.575000,0.603906,0.464844,0.575000,0.570312,0.482812,0.603906,0.570312
33,110_ga,0.542708,3.139509,0.531250,0.671875,0.528125,0.531250,0.535937,0.450000,0.671875,0.535937,0.539062,0.528125,0.450000,0.539062
33,110_gc,0.520964,3.286425,0.536719,0.527344,0.403125,0.536719,0.700000,0.486719,0.527344,0.700000,0.471875,0.403125,0.486719,0.471875
34,,0.396094,3.799587,0.367969,0.403906,0.373437,0.367969,0.395312,0.419531,0.403906,0.395312,0.416406,0.373437,0.419531,0.416406
34,110_cov,0.526823,3.195456,0.429688,0.466406,0.446875,0.429688,0.562500,0.658594,0.466406,0.562500,0.596875,0.446875,0.658594,0.596875
34,110_ct,0.524219,3.243931,0.531250,0.454688,0.530469,0.531250,0.512500,0.626563,0.454688,0.512500,0.489844,0.530469,0.626563,0.489844
34,110_ga,0.513932,3.303096,0.477344,0.757812,0.462500,0.477344,0.483594,0.433594,0.757812,0.483594,0.468750,0.462500,0.433594,0.468750
34,110_gc,0.549870,3.147167,0.563281,0.575781,0.455469,0.563281,0.698438,0.500781,0.575781,0.698438,0.505469,0.455469,0.500781,0.505469
35,,0.392708,3.853744,0.360938,0.347656,0.434375,0.360938,0.414062,0.412500,0.347656,0.414062,0.386719,0.434375,0.412500,0.386719
35,110_cov,0.557422,3.106116,0.482031,0.563281,0.575000,0.482031,0.547656,0.554688,0.563281,0.547656,0.621875,0.575000,0.554688,0.621875
35,110_ct,0.540495,3.250324,0.488281,0.485938,0.493750,0.488281,0.539062,0.685156,0.485938,0.539062,0.550781,0.493750,0.685156,0.550781
35,110_ga,0.524219,3.277112,0.479688,0.692187,0.508594,0.479688,0.469531,0.497656,0.692187,0.469531,0.497656,0.508594,0.497656,0.497656
35,110_gc,0.559115,3.108204,0.560937,0.569531,0.467969,0.560937,0.668750,0.550000,0.569531,0.668750,0.537500,0.467969,0.550000,0.537500
36,,0.389062,3.877332,0.392188,0.371875,0.402344,0.392188,0.394531,0.383594,0.371875,0.394531,0.389844,0.402344,0.383594,0.389844
36,110_cov,0.538542,3.205156,0.539062,0.489062,0.547656,0.539062,0.491406,0.660937,0.489062,0.491406,0.503125,0.547656,0.660937,0.503125
36,110_ct,0.519792,3.290115,0.524219,0.398438,0.523438,0.524219,0.475000,0.721875,0.398438,0.475000,0.475781,0.523438,0.721875,0.475781
36,110_ga,0.548177,3.109720,0.508594,0.653906,0.572656,0.508594,0.522656,0.464063,0.653906,0.522656,0.567187,0.572656,0.464063,0.567187
36,110_gc,0.526302,3.193770,0.560937,0.577344,0.396875,0.560937,0.707031,0.464063,0.577344,0.707031,0.451562,0.396875,0.464063,0.451562
37,,0.407552,3.787889,0.379687,0.389844,0.449219,0.379687,0.410937,0.413281,0.389844,0.410937,0.402344,0.449219,0.413281,0.402344
37,110_cov,0.541016,3.202945,0.499219,0.485156,0.543750,0.499219,0.539844,0.635938,0.485156,0.539844,0.542188,0.543750,0.635938,0.542188
37,110_ct,0.545573,3.208135,0.569531,0.464844,0.582031,0.569531,0.474219,0.700781,0.464844,0.474219,0.482031,0.582031,0.700781,0.482031
37,110_ga,0.521354,3.272566,0.451562,0.709375,0.539062,0.451562,0.436719,0.466406,0.709375,0.436719,0.525000,0.539062,0.466406,0.525000
37,110_gc,0.560417,3.070252,0.505469,0.489844,0.524219,0.505469,0.647656,0.608594,0.489844,0.647656,0.586719,0.524219,0.608594,0.586719
38,,0.387630,3.825275,0.371094,0.370313,0.372656,0.371094,0.426562,0.389062,0.370313,0.426562,0.396094,0.372656,0.389062,0.396094
38,110_cov,0.544661,3.141545,0.489062,0.498437,0.512500,0.489062,0.543750,0.649219,0.498437,0.543750,0.575000,0.512500,0.649219,0.575000
38,110_ct,0.550911,3.128912,0.503125,0.467969,0.504687,0.503125,0.592187,0.667969,0.467969,0.592187,0.569531,0.504687,0.667969,0.569531
38,110_ga,0.550391,3.100136,0.540625,0.668750,0.510938,0.540625,0.553125,0.503906,0.668750,0.553125,0.525000,0.510938,0.503906,0.525000
38,110_gc,0.527083,3.186996,0.528125,0.539844,0.414844,0.528125,0.726562,0.481250,0.539844,0.726562,0.471875,0.414844,0.481250,0.471875
39,,0.404427,3.757176,0.418750,0.367188,0.401563,0.418750,0.440625,0.441406,0.367188,0.440625,0.357031,0.401563,0.441406,0.357031
39,110_cov,0.534505,3.177376,0.532031,0.495313,0.521094,0.532031,0.523438,0.639062,0.495313,0.523438,0.496094,0.521094,0.639062,0.496094
39,110_ct,0.519661,3.230442,0.492188,0.421875,0.489844,0.492188,0.496094,0.725781,0.421875,0.496094,0.492188,0.489844,0.725781,0.492188
39,110_ga,0.529687,3.207941,0.519531,0.736719,0.463281,0.519531,0.525000,0.459375,0.736719,0.525000,0.474219,0.463281,0.459375,0.474219
39,110_gc,0.546484,3.155870,0.515625,0.514062,0.493750,0.515625,0.690625,0.537500,0.514062,0.690625,0.527344,0.493750,0.537500,0.527344
3,110_cov,0.531120,3.326421,0.503125,0.461719,0.506250,0.503125,0.503125,0.702344,0.461719,0.503125,0.510156,0.506250,0.702344,0.510156
3,110_ct,0.506510,3.320619,0.446094,0.438281,0.436719,0.446094,0.488281,0.750000,0.438281,0.488281,0.479688,0.436719,0.750000,0.479688
3,110_ga,0.552865,3.128959,0.483594,0.668750,0.604688,0.483594,0.474219,0.489062,0.668750,0.474219,0.596875,0.604688,0.489062,0.596875
3,110_gc,0.536849,3.190656,0.525000,0.522656,0.442187,0.525000,0.668750,0.546094,0.522656,0.668750,0.516406,0.442187,0.546094,0.516406
4,,0.401693,3.793828,0.440625,0.425781,0.426562,0.440625,0.359375,0.430469,0.425781,0.359375,0.327344,0.426562,0.430469,0.327344
40,,0.390104,3.851673,0.398438,0.368750,0.460938,0.398438,0.324219,0.414062,0.368750,0.324219,0.374219,0.460938,0.414062,0.374219
40,110_cov,0.528776,3.282665,0.474219,0.485938,0.470313,0.474219,0.534375,0.678125,0.485938,0.534375,0.529687,0.470313,0.678125,0.529687
40,110_ct,0.515625,3.228517,0.457031,0.400000,0.460938,0.457031,0.525000,0.700000,0.400000,0.525000,0.550781,0.460938,0.700000,0.550781
40,110_ga,0.507161,3.409501,0.450781,0.730469,0.510938,0.450781,0.450781,0.398438,0.730469,0.450781,0.501563,0.510938,0.398438,0.501563
40,110_gc,0.546354,3.192385,0.547656,0.550000,0.492188,0.547656,0.684375,0.498437,0.550000,0.684375,0.505469,0.492188,0.498437,0.505469
41,,0.409635,3.748600,0.366406,0.446094,0.446875,0.366406,0.410156,0.366406,0.446094,0.410156,0.421875,0.446875,0.366406,0.421875
41,110_cov,0.561328,3.075414,0.565625,0.505469,0.565625,0.565625,0.536719,0.595313,0.505469,0.536719,0.599219,0.565625,0.595313,0.599219
41,110_ct,0.506120,3.401152,0.474219,0.450781,0.463281,0.474219,0.464844,0.725781,0.450781,0.464844,0.457812,0.463281,0.725781,0.457812
41,110_ga,0.540104,3.173718,0.510938,0.686719,0.550781,0.510938,0.504687,0.423438,0.686719,0.504687,0.564063,0.550781,0.423438,0.564063
41,110_gc,0.519401,3.304252,0.470313,0.453125,0.472656,0.470313,0.719531,0.512500,0.453125,0.719531,0.488281,0.472656,0.512500,0.488281
42,,0.420833,3.715937,0.397656,0.446875,0.374219,0.397656,0.464063,0.411719,0.446875,0.464063,0.430469,0.374219,0.411719,0.430469
42,110_cov,0.511589,3.286447,0.471094,0.564844,0.503906,0.471094,0.457031,0.585938,0.564844,0.457031,0.486719,0.503906,0.585938,0.486719
42,110_ct,0.524349,3.284537,0.489062,0.419531,0.500000,0.489062,0.523438,0.708594,0.419531,0.523438,0.505469,0.500000,0.708594,0.505469
42,110_ga,0.534115,3.212062,0.473437,0.695312,0.573438,0.473437,0.455469,0.452344,0.695312,0.455469,0.554688,0.573438,0.452344,0.554688
42,110_gc,0.532292,3.180292,0.532813,0.527344,0.429688,0.532813,0.684375,0.507031,0.527344,0.684375,0.512500,0.429688,0.507031,0.512500
43,,0.398438,3.834896,0.361719,0.399219,0.421094,0.361719,0.399219,0.400781,0.399219,0.399219,0.408594,0.421094,0.400781,0.408594
43,110_cov,0.539323,3.189556,0.482812,0.530469,0.553906,0.482812,0.493750,0.585938,0.530469,0.493750,0.589063,0.553906,0.585938,0.589063
43,110_ct,0.517969,3.200271,0.548438,0.377344,0.530469,0.548438,0.461719,0.716406,0.377344,0.461719,0.473437,0.530469,0.716406,0.473437
43,110_ga,0.515625,3.322016,0.487500,0.727344,0.485156,0.487500,0.489062,0.402344,0.727344,0.489062,0.502344,0.485156,0.402344,0.502344
43,110_gc,0.541406,3.203680,0.525000,0.521094,0.457031,0.525000,0.699219,0.529687,0.521094,0.699219,0.516406,0.457031,0.529687,0.516406
44,,0.404297,3.752598,0.410156,0.439844,0.397656,0.410156,0.441406,0.371875,0.439844,0.441406,0.364844,0.397656,0.371875,0.364844
44,110_cov,0.557292,3.122295,0.502344,0.476562,0.520312,0.502344,0.597656,0.644531,0.476562,0.597656,0.602344,0.520312,0.644531,0.602344
44,110_ct,0.557031,3.094704,0.555469,0.466406,0.565625,0.555469,0.552344,0.664844,0.466406,0.552344,0.537500,0.565625,0.664844,0.537500
44,110_ga,0.508333,3.408001,0.484375,0.717187,0.476562,0.484375,0.477344,0.417188,0.717187,0.477344,0.477344,0.476562,0.417188,0.477344
44,110_gc,0.548698,3.162323,0.549219,0.538281,0.503125,0.549219,0.591406,0.548438,0.538281,0.591406,0.561719,0.503125,0.548438,0.561719
45,,0.394661,3.832077,0.392188,0.372656,0.356250,0.392188,0.430469,0.426562,0.372656,0.430469,0.389844,0.356250,0.426562,0.389844
45,110_cov,0.520573,3.263760,0.489844,0.464844,0.481250,0.489844,0.507812,0.678906,0.464844,0.507812,0.500781,0.481250,0.678906,0.500781
45,110_ct,0.552214,3.151964,0.476562,0.488281,0.464063,0.476562,0.614062,0.675000,0.488281,0.614062,0.595313,0.464063,0.675000,0.595313
45,110_ga,0.524479,3.198758,0.503906,0.692969,0.518750,0.503906,0.487500,0.415625,0.692969,0.487500,0.528125,0.518750,0.415625,0.528125
45,110_gc,0.509245,3.353000,0.462500,0.472656,0.480469,0.462500,0.674219,0.488281,0.472656,0.674219,0.477344,0.480469,0.488281,0.477344
46,,0.383073,3.880624,0.353125,0.329688,0.314844,0.353125,0.428125,0.448438,0.329688,0.428125,0.424219,0.314844,0.448438,0.424219
46,110_cov,0.561198,3.106072,0.501563,0.471875,0.503906,0.501563,0.610938,0.667969,0.471875,0.610938,0.610938,0.503906,0.667969,0.610938
46,110_ct,0.537500,3.201941,0.519531,0.473437,0.527344,0.519531,0.522656,0.675781,0.473437,0.522656,0.506250,0.527344,0.675781,0.506250
46,110_ga,0.553776,3.143719,0.550781,0.703125,0.503125,0.550781,0.560156,0.496094,0.703125,0.560156,0.509375,0.503125,0.496094,0.509375
46,110_gc,0.518229,3.336418,0.452344,0.451562,0.444531,0.452344,0.732812,0.509375,0.451562,0.732812,0.518750,0.444531,0.509375,0.518750
47,,0.421745,3.670359,0.417969,0.405469,0.441406,0.417969,0.394531,0.419531,0.405469,0.394531,0.451562,0.441406,0.419531,0.451562
47,110_cov,0.519531,3.280444,0.450781,0.486719,0.511719,0.450781,0.462500,0.636719,0.486719,0.462500,0.568750,0.511719,0.636719,0.568750
47,110_ct,0.520312,3.271897,0.448438,0.446094,0.436719,0.448438,0.532813,0.726562,0.446094,0.532813,0.531250,0.436719,0.726562,0.531250
47,110_ga,0.551953,3.155040,0.549219,0.705469,0.501563,0.549219,0.556250,0.492188,0.705469,0.556250,0.507031,0.501563,0.492188,0.507031
47,110_gc,0.538542,3.185589,0.490625,0.507812,0.487500,0.490625,0.642188,0.541406,0.507812,0.642188,0.561719,0.487500,0.541406,0.561719
48,,0.420052,3.685185,0.407031,0.410156,0.396875,0.407031,0.477344,0.430469,0.410156,0.477344,0.398438,0.396875,0.430469,0.398438
48,110_cov,0.506380,3.431136,0.527344,0.421875,0.533594,0.527344,0.420312,0.714063,0.421875,0.420312,0.421094,0.533594,0.714063,0.421094
48,110_ct,0.559115,3.075132,0.555469,0.534375,0.584375,0.555469,0.577344,0.571094,0.534375,0.577344,0.532031,0.584375,0.571094,0.532031
48,110_ga,0.554688,3.110800,0.516406,0.667969,0.568750,0.516406,0.537500,0.473437,0.667969,0.537500,0.564063,0.568750,0.473437,0.564063
48,110_gc,0.550911,3.150227,0.530469,0.507812,0.494531,0.530469,0.689844,0.552344,0.507812,0.689844,0.530469,0.494531,0.552344,0.530469
49,,0.387891,3.888719,0.388281,0.386719,0.382812,0.388281,0.403906,0.403125,0.386719,0.403906,0.362500,0.382812,0.403125,0.362500
49,110_cov,0.538151,3.202032,0.493750,0.498437,0.524219,0.493750,0.523438,0.625781,0.498437,0.523438,0.563281,0.524219,0.625781,0.563281
49,110_ct,0.564193,3.108408,0.570312,0.539062,0.575781,0.570312,0.524219,0.646875,0.539062,0.524219,0.528906,0.575781,0.646875,0.528906
49,110_ga,0.531510,3.169638,0.503906,0.700781,0.536719,0.503906,0.514062,0.407813,0.700781,0.514062,0.525781,0.536719,0.407813,0.525781
49,110_gc,0.531380,3.237376,0.559375,0.585938,0.472656,0.559375,0.626563,0.470313,0.585938,0.626563,0.473437,0.472656,0.470313,0.473437
4,110_cov,0.539323,3.171863,0.510938,0.467969,0.537500,0.510938,0.530469,0.665625,0.467969,0.530469,0.523438,0.537500,0.665625,0.523438
4,110_ct,0.525130,3.239519,0.477344,0.417188,0.457812,0.477344,0.560156,0.685156,0.417188,0.560156,0.553125,0.457812,0.685156,0.553125
4,110_ga,0.498307,3.466480,0.407813,0.727344,0.524219,0.407813,0.404687,0.410156,0.727344,0.404687,0.515625,0.524219,0.410156,0.515625
4,110_gc,0.557552,3.192900,0.606250,0.612500,0.467187,0.606250,0.687500,0.488281,0.612500,0.687500,0.483594,0.467187,0.488281,0.483594
5,,0.394661,3.824370,0.361719,0.395312,0.353125,0.361719,0.460938,0.405469,0.395312,0.460938,0.391406,0.353125,0.405469,0.391406
50,,0.387500,3.886051,0.342187,0.455469,0.424219,0.342187,0.351562,0.344531,0.455469,0.351562,0.407031,0.424219,0.344531,0.407031
50,110_cov,0.534115,3.207424,0.505469,0.509375,0.557813,0.505469,0.489844,0.590625,0.509375,0.489844,0.551562,0.557813,0.590625,0.551562
50,110_ct,0.546224,3.157364,0.520312,0.489062,0.518750,0.520312,0.525781,0.705469,0.489062,0.525781,0.517969,0.518750,0.705469,0.517969
50,110_ga,0.509505,3.360728,0.475000,0.753906,0.464844,0.475000,0.487500,0.412500,0.753906,0.487500,0.463281,0.464844,0.412500,0.463281
50,110_gc,0.560937,3.096962,0.592969,0.596875,0.504687,0.592969,0.678125,0.494531,0.596875,0.678125,0.498437,0.504687,0.494531,0.498437
51,,0.385286,3.836545,0.388281,0.369531,0.433594,0.388281,0.360156,0.358594,0.369531,0.360156,0.401563,0.433594,0.358594,0.401563
51,110_cov,0.545052,3.169237,0.517969,0.488281,0.527344,0.517969,0.507812,0.702344,0.488281,0.507812,0.526563,0.527344,0.702344,0.526563
51,110_ct,0.548307,3.150194,0.543750,0.446875,0.559375,0.543750,0.532031,0.673438,0.446875,0.532031,0.534375,0.559375,0.673438,0.534375
51,110_ga,0.527083,3.260342,0.514844,0.705469,0.504687,0.514844,0.518750,0.421875,0.705469,0.518750,0.496875,0.504687,0.421875,0.496875
51,110_gc,0.547786,3.148113,0.481250,0.472656,0.472656,0.481250,0.672656,0.592187,0.472656,0.672656,0.595313,0.472656,0.592187,0.595313
52,,0.399740,3.804159,0.440625,0.334375,0.454688,0.440625,0.352344,0.421875,0.334375,0.352344,0.394531,0.454688,0.421875,0.394531
52,110_cov,0.494661,3.369312,0.473437,0.457812,0.486719,0.473437,0.446094,0.662500,0.457812,0.446094,0.441406,0.486719,0.662500,0.441406
52,110_ct,0.520573,3.294608,0.521875,0.450000,0.544531,0.521875,0.454688,0.692969,0.450000,0.454688,0.459375,0.544531,0.692969,0.459375
52,110_ga,0.545052,3.135775,0.527344,0.698438,0.541406,0.527344,0.533594,0.442187,0.698438,0.533594,0.527344,0.541406,0.442187,0.527344
52,110_gc,0.548958,3.142709,0.509375,0.502344,0.453125,0.509375,0.693750,0.571875,0.502344,0.693750,0.563281,0.453125,0.571875,0.563281
53,,0.383464,3.869206,0.354688,0.365625,0.396094,0.354688,0.340625,0.408594,0.365625,0.340625,0.435156,0.396094,0.408594,0.435156
53,110_cov,0.517969,3.303606,0.512500,0.409375,0.505469,0.512500,0.468750,0.721875,0.409375,0.468750,0.489844,0.505469,0.721875,0.489844
53,110_ct,0.550391,3.109782,0.525781,0.469531,0.507031,0.525781,0.559375,0.655469,0.469531,0.559375,0.585156,0.507031,0.655469,0.585156
53,110_ga,0.516016,3.330706,0.496875,0.725000,0.464844,0.496875,0.495313,0.453125,0.725000,0.495313,0.460938,0.464844,0.453125,0.460938
53,110_gc,0.548958,3.151485,0.488281,0.493750,0.488281,0.488281,0.679688,0.571094,0.493750,0.679688,0.572656,0.488281,0.571094,0.572656
54,,0.413021,3.787825,0.457031,0.450781,0.349219,0.457031,0.452344,0.396094,0.450781,0.452344,0.372656,0.349219,0.396094,0.372656
54,110_cov,0.488281,3.399263,0.477344,0.452344,0.480469,0.477344,0.421094,0.678906,0.452344,0.421094,0.419531,0.480469,0.678906,0.419531
54,110_ct,0.542969,3.162985,0.504687,0.465625,0.498437,0.504687,0.549219,0.700781,0.465625,0.549219,0.539062,0.498437,0.700781,0.539062
54,110_ga,0.554297,3.139966,0.563281,0.661719,0.533594,0.563281,0.560937,0.469531,0.661719,0.560937,0.536719,0.533594,0.469531,0.536719
54,110_gc,0.550911,3.138310,0.581250,0.562500,0.460156,0.581250,0.693750,0.507812,0.562500,0.693750,0.500000,0.460156,0.507812,0.500000
55,,0.387500,3.862822,0.461719,0.407031,0.391406,0.461719,0.419531,0.331250,0.407031,0.419531,0.314063,0.391406,0.331250,0.314063
55,110_cov,0.547786,3.139175,0.518750,0.489844,0.516406,0.518750,0.539062,0.694531,0.489844,0.539062,0.528125,0.516406,0.694531,0.528125
55,110_ct,0.558203,3.097312,0.567187,0.535156,0.564844,0.567187,0.525781,0.626563,0.535156,0.525781,0.529687,0.564844,0.626563,0.529687
55,110_ga,0.524219,3.211342,0.521094,0.727344,0.488281,0.521094,0.517188,0.394531,0.727344,0.517188,0.496875,0.488281,0.394531,0.496875
55,110_gc,0.536068,3.166857,0.582031,0.653125,0.463281,0.582031,0.635156,0.419531,0.653125,0.635156,0.463281,0.463281,0.419531,0.463281
56,,0.393359,3.802187,0.376563,0.375781,0.357812,0.376563,0.441406,0.417969,0.375781,0.441406,0.390625,0.357812,0.417969,0.390625
56,110_cov,0.554167,3.124814,0.585156,0.489844,0.614844,0.585156,0.500000,0.635938,0.489844,0.500000,0.499219,0.614844,0.635938,0.499219
56,110_ct,0.519922,3.286256,0.535937,0.415625,0.539844,0.535937,0.450000,0.727344,0.415625,0.450000,0.450781,0.539844,0.727344,0.450781
56,110_ga,0.520443,3.237107,0.514062,0.598437,0.544531,0.514062,0.494531,0.487500,0.598437,0.494531,0.483594,0.544531,0.487500,0.483594
56,110_gc,0.532943,3.227992,0.544531,0.543750,0.475781,0.544531,0.669531,0.482031,0.543750,0.669531,0.482031,0.475781,0.482031,0.482031
57,,0.379687,3.915728,0.364844,0.417188,0.360938,0.364844,0.382812,0.355469,0.417188,0.382812,0.396875,0.360938,0.355469,0.396875
57,110_cov,0.549740,3.106579,0.535156,0.572656,0.560156,0.535156,0.492969,0.617188,0.572656,0.492969,0.520312,0.560156,0.617188,0.520312
57,110_ct,0.545964,3.195142,0.581250,0.465625,0.588281,0.581250,0.489062,0.676562,0.465625,0.489062,0.475000,0.588281,0.676562,0.475000
57,110_ga,0.560547,3.091979,0.503125,0.674219,0.597656,0.503125,0.492188,0.511719,0.674219,0.492188,0.584375,0.597656,0.511719,0.584375
57,110_gc,0.552734,3.117195,0.570312,0.571094,0.538281,0.570312,0.625000,0.505469,0.571094,0.625000,0.506250,0.538281,0.505469,0.506250
58,,0.398307,3.820021,0.388281,0.362500,0.408594,0.388281,0.382812,0.449219,0.362500,0.382812,0.398438,0.408594,0.449219,0.398438
58,110_cov,0.512500,3.350167,0.512500,0.442187,0.515625,0.512500,0.439063,0.728906,0.442187,0.439063,0.436719,0.515625,0.728906,0.436719
58,110_ct,0.521094,3.266368,0.487500,0.430469,0.481250,0.487500,0.503906,0.721875,0.430469,0.503906,0.501563,0.481250,0.721875,0.501563
58,110_ga,0.500391,3.357216,0.471875,0.721094,0.449219,0.471875,0.481250,0.428125,0.721094,0.481250,0.450781,0.449219,0.428125,0.450781
58,110_gc,0.540625,3.173763,0.553125,0.546094,0.432813,0.553125,0.698438,0.510156,0.546094,0.698438,0.503125,0.432813,0.510156,0.503125
59,,0.400130,3.806669,0.367969,0.382031,0.436719,0.367969,0.406250,0.412500,0.382031,0.406250,0.395312,0.436719,0.412500,0.395312
59,110_cov,0.550781,3.119859,0.483594,0.506250,0.502344,0.483594,0.571094,0.656250,0.506250,0.571094,0.585156,0.502344,0.656250,0.585156
59,110_ct,0.550781,3.179785,0.583594,0.464844,0.580469,0.583594,0.500000,0.670312,0.464844,0.500000,0.505469,0.580469,0.670312,0.505469
59,110_ga,0.524089,3.304047,0.441406,0.715625,0.565625,0.441406,0.441406,0.411719,0.715625,0.441406,0.568750,0.565625,0.411719,0.568750
59,110_gc,0.559635,3.093114,0.604688,0.596875,0.495313,0.604688,0.664844,0.499219,0.596875,0.664844,0.496875,0.495313,0.499219,0.496875
5,110_cov,0.507031,3.398328,0.451562,0.455469,0.463281,0.451562,0.461719,0.737500,0.455469,0.461719,0.472656,0.463281,0.737500,0.472656
5,110_ct,0.528906,3.247221,0.439063,0.439844,0.432031,0.439063,0.569531,0.733594,0.439844,0.569531,0.559375,0.432031,0.733594,0.559375
5,110_ga,0.520703,3.310156,0.443750,0.713281,0.553125,0.443750,0.436719,0.424219,0.713281,0.436719,0.553125,0.553125,0.424219,0.553125
5,110_gc,0.509896,3.363382,0.410937,0.410156,0.418750,0.410937,0.709375,0.557813,0.410156,0.709375,0.552344,0.418750,0.557813,0.552344
6,,0.379297,3.914136,0.351562,0.391406,0.305469,0.351562,0.433594,0.419531,0.391406,0.433594,0.374219,0.305469,0.419531,0.374219
60,,0.408724,3.726789,0.387500,0.424219,0.389844,0.387500,0.405469,0.414062,0.424219,0.405469,0.431250,0.389844,0.414062,0.431250
60,110_cov,0.541016,3.145454,0.510156,0.564063,0.594531,0.510156,0.470313,0.571875,0.564063,0.470313,0.535156,0.594531,0.571875,0.535156
60,110_ct,0.549609,3.216968,0.588281,0.475781,0.588281,0.588281,0.485938,0.678125,0.475781,0.485938,0.481250,0.588281,0.678125,0.481250
60,110_ga,0.560286,3.106956,0.563281,0.635156,0.524219,0.563281,0.566406,0.549219,0.635156,0.566406,0.523438,0.524219,0.549219,0.523438
60,110_gc,0.540234,3.177566,0.511719,0.517969,0.494531,0.511719,0.636719,0.560156,0.517969,0.636719,0.520312,0.494531,0.560156,0.520312
61,,0.390625,3.852591,0.399219,0.374219,0.385938,0.399219,0.408594,0.381250,0.374219,0.408594,0.394531,0.385938,0.381250,0.394531
61,110_cov,0.560547,3.059390,0.537500,0.583594,0.557031,0.537500,0.522656,0.619531,0.583594,0.522656,0.542969,0.557031,0.619531,0.542969
61,110_ct,0.554818,3.137539,0.557031,0.497656,0.565625,0.557031,0.501563,0.700000,0.497656,0.501563,0.507031,0.565625,0.700000,0.507031
61,110_ga,0.531641,3.247955,0.495313,0.700000,0.536719,0.495313,0.496094,0.428125,0.700000,0.496094,0.533594,0.536719,0.428125,0.533594
61,110_gc,0.541276,3.201541,0.501563,0.511719,0.465625,0.501563,0.687500,0.541406,0.511719,0.687500,0.539844,0.465625,0.541406,0.539844
62,,0.399870,3.765067,0.410156,0.384375,0.392969,0.410156,0.417969,0.416406,0.384375,0.417969,0.377344,0.392969,0.416406,0.377344
62,110_cov,0.558333,3.082911,0.515625,0.595313,0.549219,0.515625,0.518750,0.615625,0.595313,0.518750,0.555469,0.549219,0.615625,0.555469
62,110_ct,0.546484,3.176584,0.537500,0.493750,0.551562,0.537500,0.489062,0.702344,0.493750,0.489062,0.504687,0.551562,0.702344,0.504687
62,110_ga,0.528776,3.284640,0.486719,0.670312,0.516406,0.486719,0.494531,0.476562,0.670312,0.494531,0.528125,0.516406,0.476562,0.528125
62,110_gc,0.553125,3.122845,0.517188,0.536719,0.474219,0.517188,0.671875,0.558594,0.536719,0.671875,0.560156,0.474219,0.558594,0.560156
63,,0.368099,3.929918,0.333594,0.389062,0.360156,0.333594,0.437500,0.339844,0.389062,0.437500,0.348437,0.360156,0.339844,0.348437
63,110_cov,0.506641,3.398662,0.469531,0.421875,0.475781,0.469531,0.453125,0.754687,0.421875,0.453125,0.464844,0.475781,0.754687,0.464844
63,110_ct,0.526693,3.277524,0.407031,0.403125,0.402344,0.407031,0.610156,0.713281,0.403125,0.610156,0.624219,0.402344,0.713281,0.624219
63,110_ga,0.547786,3.154354,0.531250,0.710156,0.520312,0.531250,0.518750,0.495313,0.710156,0.518750,0.510938,0.520312,0.495313,0.510938
63,110_gc,0.498047,3.461330,0.416406,0.417188,0.410156,0.416406,0.781250,0.481250,0.417188,0.781250,0.482031,0.410156,0.481250,0.482031
64,,0.384115,3.881056,0.435937,0.409375,0.353125,0.435937,0.421094,0.342187,0.409375,0.421094,0.342969,0.353125,0.342187,0.342969
64,110_cov,0.553125,3.082955,0.535156,0.556250,0.640625,0.535156,0.468750,0.541406,0.556250,0.468750,0.576562,0.640625,0.541406,0.576562
64,110_ct,0.532813,3.198113,0.516406,0.496875,0.503125,0.516406,0.519531,0.657031,0.496875,0.519531,0.503906,0.503125,0.657031,0.503906
64,110_ga,0.553125,3.136822,0.508594,0.699219,0.557031,0.508594,0.508594,0.495313,0.699219,0.508594,0.550000,0.557031,0.495313,0.550000
64,110_gc,0.532943,3.294464,0.462500,0.483594,0.453906,0.462500,0.680469,0.560937,0.483594,0.680469,0.556250,0.453906,0.560937,0.556250
65,,0.424870,3.709209,0.441406,0.473437,0.391406,0.441406,0.416406,0.403906,0.473437,0.416406,0.422656,0.391406,0.403906,0.422656
65,110_cov,0.560156,3.101565,0.570312,0.525000,0.558594,0.570312,0.539062,0.583594,0.525000,0.539062,0.584375,0.558594,0.583594,0.584375
65,110_ct,0.549219,3.139532,0.554688,0.473437,0.566406,0.554688,0.533594,0.651563,0.473437,0.533594,0.515625,0.566406,0.651563,0.515625
65,110_ga,0.548047,3.115418,0.554688,0.655469,0.521094,0.554688,0.554688,0.460938,0.655469,0.554688,0.541406,0.521094,0.460938,0.541406
65,110_gc,0.540365,3.139101,0.527344,0.506250,0.473437,0.527344,0.664844,0.535937,0.506250,0.664844,0.534375,0.473437,0.535937,0.534375
66,,0.392969,3.775857,0.372656,0.402344,0.389844,0.372656,0.420312,0.378906,0.402344,0.420312,0.393750,0.389844,0.378906,0.393750
66,110_cov,0.542188,3.149053,0.502344,0.464844,0.513281,0.502344,0.535156,0.695312,0.464844,0.535156,0.542188,0.513281,0.695312,0.542188
66,110_ct,0.548177,3.181875,0.546875,0.545312,0.537500,0.546875,0.514062,0.635156,0.545312,0.514062,0.510156,0.537500,0.635156,0.510156
66,110_ga,0.561068,3.103963,0.611719,0.670312,0.510156,0.611719,0.596875,0.464063,0.670312,0.596875,0.513281,0.510156,0.464063,0.513281
66,110_gc,0.518490,3.304033,0.496875,0.514844,0.446094,0.496875,0.705469,0.482031,0.514844,0.705469,0.465625,0.446094,0.482031,0.465625
67,,0.395443,3.840661,0.410937,0.347656,0.444531,0.410937,0.375781,0.404687,0.347656,0.375781,0.389062,0.444531,0.404687,0.389062
67,110_cov,0.511068,3.372101,0.469531,0.437500,0.467969,0.469531,0.460156,0.759375,0.437500,0.460156,0.471875,0.467969,0.759375,0.471875
67,110_ct,0.515234,3.312384,0.496094,0.406250,0.497656,0.496094,0.473437,0.732812,0.406250,0.473437,0.485156,0.497656,0.732812,0.485156
67,110_ga,0.547396,3.133588,0.585156,0.671875,0.492188,0.585156,0.567187,0.486719,0.671875,0.567187,0.481250,0.492188,0.486719,0.481250
67,110_gc,0.511849,3.316552,0.463281,0.450781,0.420312,0.463281,0.678906,0.535156,0.450781,0.678906,0.522656,0.420312,0.535156,0.522656
68,,0.397917,3.827530,0.407031,0.357812,0.395312,0.407031,0.424219,0.432813,0.357812,0.424219,0.370313,0.395312,0.432813,0.370313
68,110_cov,0.537760,3.258797,0.507031,0.462500,0.498437,0.507031,0.526563,0.705469,0.462500,0.526563,0.526563,0.498437,0.705469,0.526563
68,110_ct,0.546875,3.174697,0.513281,0.477344,0.491406,0.513281,0.582812,0.646875,0.477344,0.582812,0.569531,0.491406,0.646875,0.569531
68,110_ga,0.559375,3.073606,0.530469,0.659375,0.583594,0.530469,0.542969,0.475000,0.659375,0.542969,0.564844,0.583594,0.475000,0.564844
68,110_gc,0.547266,3.142041,0.510938,0.523438,0.454688,0.510938,0.692187,0.550781,0.523438,0.692187,0.551562,0.454688,0.550781,0.551562
69,,0.389974,3.880381,0.409375,0.339063,0.367188,0.409375,0.417188,0.396875,0.339063,0.417188,0.410156,0.367188,0.396875,0.410156
69,110_cov,0.508464,3.390157,0.461719,0.434375,0.483594,0.461719,0.468750,0.731250,0.434375,0.468750,0.471094,0.483594,0.731250,0.471094
69,110_ct,0.526172,3.233530,0.513281,0.431250,0.521875,0.513281,0.475000,0.733594,0.431250,0.475000,0.482031,0.521875,0.733594,0.482031
69,110_ga,0.539193,3.272035,0.506250,0.672656,0.539844,0.506250,0.514062,0.462500,0.672656,0.514062,0.539844,0.539844,0.462500,0.539844
69,110_gc,0.511068,3.369444,0.458594,0.458594,0.435156,0.458594,0.758594,0.471094,0.458594,0.758594,0.484375,0.435156,0.471094,0.484375
6,110_cov,0.504297,3.401787,0.460938,0.433594,0.471094,0.460938,0.472656,0.696094,0.433594,0.472656,0.491406,0.471094,0.696094,0.491406
6,110_ct,0.515365,3.304622,0.484375,0.392188,0.486719,0.484375,0.503906,0.729688,0.392188,0.503906,0.495313,0.486719,0.729688,0.495313
6,110_ga,0.524479,3.235701,0.561719,0.659375,0.464063,0.561719,0.566406,0.417969,0.659375,0.566406,0.477344,0.464063,0.417969,0.477344
6,110_gc,0.518099,3.308899,0.490625,0.491406,0.397656,0.490625,0.740625,0.493750,0.491406,0.740625,0.494531,0.397656,0.493750,0.494531
7,,0.382812,3.862160,0.382031,0.417188,0.398438,0.382031,0.349219,0.352344,0.417188,0.349219,0.397656,0.398438,0.352344,0.397656
70,,0.408203,3.778706,0.442969,0.397656,0.410937,0.442969,0.385156,0.444531,0.397656,0.385156,0.367969,0.410937,0.444531,0.367969
70,110_cov,0.547266,3.169212,0.582031,0.494531,0.609375,0.582031,0.464844,0.652344,0.494531,0.464844,0.480469,0.609375,0.652344,0.480469
70,110_ct,0.532813,3.201273,0.575781,0.439844,0.577344,0.575781,0.455469,0.700000,0.439844,0.455469,0.448438,0.577344,0.700000,0.448438
70,110_ga,0.531510,3.171479,0.472656,0.657031,0.537500,0.472656,0.486719,0.483594,0.657031,0.486719,0.551562,0.537500,0.483594,0.551562
70,110_gc,0.551562,3.111112,0.504687,0.528125,0.498437,0.504687,0.600781,0.620313,0.528125,0.600781,0.557031,0.498437,0.620313,0.557031
71,,0.380990,3.899253,0.364062,0.403125,0.375000,0.364062,0.404687,0.362500,0.403125,0.404687,0.376563,0.375000,0.362500,0.376563
71,110_cov,0.563672,3.070748,0.560937,0.621094,0.559375,0.560937,0.521875,0.596875,0.621094,0.521875,0.521875,0.559375,0.596875,0.521875
71,110_ct,0.550130,3.214926,0.545312,0.548438,0.546875,0.545312,0.515625,0.624219,0.548438,0.515625,0.520312,0.546875,0.624219,0.520312
71,110_ga,0.534635,3.245874,0.546094,0.703906,0.483594,0.546094,0.561719,0.425781,0.703906,0.561719,0.486719,0.483594,0.425781,0.486719
71,110_gc,0.547786,3.160949,0.496875,0.482812,0.499219,0.496875,0.693750,0.560937,0.482812,0.693750,0.553125,0.499219,0.560937,0.553125
72,,0.399089,3.828699,0.389062,0.453906,0.421094,0.389062,0.399219,0.335938,0.453906,0.399219,0.395312,0.421094,0.335938,0.395312
72,110_cov,0.517708,3.290042,0.467187,0.499219,0.485156,0.467187,0.494531,0.671875,0.499219,0.494531,0.488281,0.485156,0.671875,0.488281
72,110_ct,0.557161,3.104138,0.619531,0.482812,0.621875,0.619531,0.510156,0.622656,0.482812,0.510156,0.485938,0.621875,0.622656,0.485938
72,110_ga,0.511328,3.321857,0.458594,0.759375,0.478906,0.458594,0.456250,0.442187,0.759375,0.456250,0.472656,0.478906,0.442187,0.472656
72,110_gc,0.542708,3.166086,0.535156,0.524219,0.467969,0.535156,0.705469,0.514062,0.524219,0.705469,0.509375,0.467969,0.514062,0.509375
73,,0.391667,3.846594,0.379687,0.445312,0.409375,0.379687,0.361719,0.364844,0.445312,0.361719,0.389062,0.409375,0.364844,0.389062
73,110_cov,0.558464,3.120727,0.502344,0.466406,0.507812,0.502344,0.598437,0.658594,0.466406,0.598437,0.617188,0.507812,0.658594,0.617188
73,110_ct,0.540625,3.168674,0.514844,0.485156,0.525781,0.514844,0.504687,0.696875,0.485156,0.504687,0.516406,0.525781,0.696875,0.516406
73,110_ga,0.555469,3.172525,0.526563,0.678906,0.574219,0.526563,0.510938,0.466406,0.678906,0.510938,0.575781,0.574219,0.466406,0.575781
73,110_gc,0.538411,3.173718,0.575000,0.577344,0.430469,0.575000,0.682031,0.488281,0.577344,0.682031,0.477344,0.430469,0.488281,0.477344
74,,0.402344,3.790283,0.396094,0.398438,0.466406,0.396094,0.408594,0.356250,0.398438,0.408594,0.388281,0.466406,0.356250,0.388281
74,110_cov,0.549349,3.217757,0.565625,0.475000,0.589063,0.565625,0.486719,0.687500,0.475000,0.486719,0.492188,0.589063,0.687500,0.492188
74,110_ct,0.520312,3.365629,0.472656,0.427344,0.471875,0.472656,0.502344,0.744531,0.427344,0.502344,0.503125,0.471875,0.744531,0.503125
74,110_ga,0.551562,3.169542,0.501563,0.671875,0.587500,0.501563,0.489062,0.484375,0.671875,0.489062,0.575000,0.587500,0.484375,0.575000
74,110_gc,0.545443,3.140911,0.527344,0.535937,0.444531,0.527344,0.664062,0.564063,0.535937,0.664062,0.536719,0.444531,0.564063,0.536719
75,,0.402344,3.761088,0.388281,0.400781,0.375781,0.388281,0.400781,0.446875,0.400781,0.400781,0.401563,0.375781,0.446875,0.401563
75,110_cov,0.495703,3.382729,0.475781,0.402344,0.487500,0.475781,0.467187,0.648438,0.402344,0.467187,0.492969,0.487500,0.648438,0.492969
75,110_ct,0.506380,3.370640,0.428125,0.397656,0.428906,0.428125,0.518750,0.757812,0.397656,0.518750,0.507031,0.428906,0.757812,0.507031
75,110_ga,0.534245,3.154544,0.564844,0.695312,0.444531,0.564844,0.586719,0.456250,0.695312,0.586719,0.457812,0.444531,0.456250,0.457812
75,110_gc,0.536328,3.222198,0.517188,0.518750,0.445312,0.517188,0.697656,0.516406,0.518750,0.697656,0.522656,0.445312,0.516406,0.522656
76,,0.378385,3.906135,0.411719,0.357812,0.414062,0.411719,0.377344,0.369531,0.357812,0.377344,0.339844,0.414062,0.369531,0.339844
76,110_cov,0.547917,3.134301,0.521875,0.502344,0.527344,0.521875,0.517969,0.694531,0.502344,0.517969,0.523438,0.527344,0.694531,0.523438
76,110_ct,0.524609,3.255362,0.461719,0.443750,0.452344,0.461719,0.535937,0.733594,0.443750,0.535937,0.520312,0.452344,0.733594,0.520312
76,110_ga,0.548698,3.150682,0.492969,0.675000,0.582812,0.492969,0.485156,0.489062,0.675000,0.485156,0.567187,0.582812,0.489062,0.567187
76,110_gc,0.537760,3.274127,0.578125,0.567969,0.445312,0.578125,0.661719,0.488281,0.567969,0.661719,0.485156,0.445312,0.488281,0.485156
77,,0.396484,3.839831,0.415625,0.425781,0.392969,0.415625,0.447656,0.344531,0.425781,0.447656,0.352344,0.392969,0.344531,0.352344
77,110_cov,0.503385,3.343702,0.468750,0.593750,0.524219,0.468750,0.421875,0.543750,0.593750,0.421875,0.467969,0.524219,0.543750,0.467969
77,110_ct,0.513672,3.291102,0.493750,0.445312,0.521094,0.493750,0.442969,0.711719,0.445312,0.442969,0.467187,0.521094,0.711719,0.467187
77,110_ga,0.526953,3.275707,0.531250,0.742969,0.462500,0.531250,0.532813,0.428125,0.742969,0.532813,0.464063,0.462500,0.428125,0.464063
77,110_gc,0.529036,3.219714,0.528906,0.534375,0.436719,0.528906,0.737500,0.465625,0.534375,0.737500,0.471094,0.436719,0.465625,0.471094
78,,0.400521,3.814950,0.397656,0.396875,0.412500,0.397656,0.378125,0.478906,0.396875,0.378125,0.339063,0.412500,0.478906,0.339063
78,110_cov,0.561198,3.104746,0.497656,0.502344,0.484375,0.497656,0.608594,0.676562,0.502344,0.608594,0.597656,0.484375,0.676562,0.597656
78,110_ct,0.534635,3.178334,0.540625,0.427344,0.525000,0.540625,0.511719,0.703125,0.427344,0.511719,0.500000,0.525000,0.703125,0.500000
78,110_ga,0.540885,3.160057,0.545312,0.660156,0.539062,0.545312,0.518750,0.444531,0.660156,0.518750,0.537500,0.539062,0.444531,0.537500
78,110_gc,0.547917,3.116736,0.536719,0.546094,0.453906,0.536719,0.659375,0.555469,0.546094,0.659375,0.535937,0.453906,0.555469,0.535937
79,,0.410677,3.720535,0.363281,0.403125,0.440625,0.363281,0.406250,0.391406,0.403125,0.406250,0.459375,0.440625,0.391406,0.459375
79,110_cov,0.521875,3.303768,0.492969,0.464844,0.507031,0.492969,0.472656,0.697656,0.464844,0.472656,0.496094,0.507031,0.697656,0.496094
79,110_ct,0.537760,3.178527,0.514062,0.452344,0.503125,0.514062,0.538281,0.675000,0.452344,0.538281,0.543750,0.503125,0.675000,0.543750
79,110_ga,0.524089,3.206170,0.464844,0.706250,0.557031,0.464844,0.446875,0.423438,0.706250,0.446875,0.546094,0.557031,0.423438,0.546094
79,110_gc,0.530729,3.246827,0.507812,0.485938,0.463281,0.507812,0.659375,0.550000,0.485938,0.659375,0.517969,0.463281,0.550000,0.517969
7,110_cov,0.543229,3.201424,0.542969,0.483594,0.535937,0.542969,0.503906,0.668750,0.483594,0.503906,0.524219,0.535937,0.668750,0.524219
7,110_ct,0.536458,3.188006,0.492188,0.465625,0.516406,0.492188,0.521094,0.682031,0.465625,0.521094,0.541406,0.516406,0.682031,0.541406
7,110_ga,0.504687,3.334100,0.539844,0.649219,0.431250,0.539844,0.522656,0.468750,0.649219,0.522656,0.416406,0.431250,0.468750,0.416406
7,110_gc,0.510286,3.377580,0.434375,0.437500,0.415625,0.434375,0.734375,0.513281,0.437500,0.734375,0.526563,0.415625,0.513281,0.526563
8,,0.370833,3.940746,0.331250,0.360938,0.332031,0.331250,0.375781,0.425781,0.360938,0.375781,0.399219,0.332031,0.425781,0.399219
80,,0.388021,3.855297,0.407031,0.383594,0.407813,0.407031,0.378125,0.372656,0.383594,0.378125,0.378906,0.407813,0.372656,0.378906
80,110_cov,0.549870,3.140790,0.515625,0.498437,0.532031,0.515625,0.518750,0.703906,0.498437,0.518750,0.530469,0.532031,0.703906,0.530469
80,110_ct,0.506120,3.368777,0.495313,0.400000,0.497656,0.495313,0.450000,0.750781,0.400000,0.450000,0.442969,0.497656,0.750781,0.442969
80,110_ga,0.531510,3.201234,0.542969,0.706250,0.485156,0.542969,0.544531,0.423438,0.706250,0.544531,0.486719,0.485156,0.423438,0.486719
80,110_gc,0.563281,3.101232,0.557031,0.557031,0.564063,0.557031,0.639062,0.529687,0.557031,0.639062,0.532813,0.564063,0.529687,0.532813
81,,0.386458,3.868335,0.410156,0.380469,0.364062,0.410156,0.430469,0.396094,0.380469,0.430469,0.337500,0.364062,0.396094,0.337500
81,110_cov,0.501823,3.376746,0.478906,0.399219,0.477344,0.478906,0.468750,0.718750,0.399219,0.468750,0.467969,0.477344,0.718750,0.467969
81,110_ct,0.524870,3.203194,0.485156,0.421094,0.472656,0.485156,0.544531,0.689063,0.421094,0.544531,0.536719,0.472656,0.689063,0.536719
81,110_ga,0.558203,3.097372,0.592187,0.648438,0.520312,0.592187,0.602344,0.464063,0.648438,0.602344,0.521875,0.520312,0.464063,0.521875
81,110_gc,0.548438,3.154567,0.553906,0.553125,0.453125,0.553906,0.698438,0.509375,0.553125,0.698438,0.522656,0.453125,0.509375,0.522656
82,,0.409896,3.767433,0.398438,0.379687,0.361719,0.398438,0.479688,0.439844,0.379687,0.479688,0.400000,0.361719,0.439844,0.400000
82,110_cov,0.520443,3.287444,0.490625,0.482031,0.499219,0.490625,0.494531,0.650781,0.482031,0.494531,0.505469,0.499219,0.650781,0.505469
82,110_ct,0.535547,3.185934,0.503906,0.458594,0.549219,0.503906,0.521875,0.660156,0.458594,0.521875,0.519531,0.549219,0.660156,0.519531
82,110_ga,0.527474,3.258938,0.582031,0.732812,0.420312,0.582031,0.585938,0.419531,0.732812,0.585938,0.424219,0.420312,0.419531,0.424219
82,110_gc,0.511979,3.407364,0.500781,0.491406,0.416406,0.500781,0.742969,0.463281,0.491406,0.742969,0.457031,0.416406,0.463281,0.457031
83,,0.386719,3.831386,0.371094,0.424219,0.436719,0.371094,0.346094,0.350000,0.424219,0.346094,0.392188,0.436719,0.350000,0.392188
83,110_cov,0.547135,3.144058,0.474219,0.523438,0.492969,0.474219,0.564063,0.640625,0.523438,0.564063,0.587500,0.492969,0.640625,0.587500
83,110_ct,0.539844,3.187954,0.557813,0.503125,0.555469,0.557813,0.478125,0.660156,0.503125,0.478125,0.484375,0.555469,0.660156,0.484375
83,110_ga,0.515365,3.327431,0.510938,0.712500,0.457031,0.510938,0.517188,0.421094,0.712500,0.517188,0.473437,0.457031,0.421094,0.473437
83,110_gc,0.552995,3.108375,0.580469,0.588281,0.469531,0.580469,0.658594,0.520312,0.588281,0.658594,0.500781,0.469531,0.520312,0.500781
84,,0.380339,3.903788,0.310156,0.418750,0.387500,0.310156,0.319531,0.417188,0.418750,0.319531,0.428906,0.387500,0.417188,0.428906
84,110_cov,0.554818,3.079830,0.576562,0.535156,0.611719,0.576562,0.471094,0.627344,0.535156,0.471094,0.507031,0.611719,0.627344,0.507031
84,110_ct,0.529297,3.247113,0.514844,0.435156,0.523438,0.514844,0.509375,0.678906,0.435156,0.509375,0.514062,0.523438,0.678906,0.514062
84,110_ga,0.546224,3.194793,0.521094,0.706250,0.523438,0.521094,0.518750,0.482812,0.706250,0.518750,0.525000,0.523438,0.482812,0.525000
84,110_gc,0.562891,3.121019,0.500000,0.510156,0.488281,0.500000,0.617969,0.648438,0.510156,0.617969,0.612500,0.488281,0.648438,0.612500
85,,0.401302,3.810681,0.392969,0.407031,0.350000,0.392969,0.425781,0.410937,0.407031,0.425781,0.421094,0.350000,0.410937,0.421094
85,110_cov,0.518359,3.278619,0.423438,0.417969,0.435937,0.423438,0.578906,0.671094,0.417969,0.578906,0.582812,0.435937,0.671094,0.582812
85,110_ct,0.519922,3.289632,0.491406,0.429688,0.497656,0.491406,0.515625,0.696094,0.429688,0.515625,0.489062,0.497656,0.696094,0.489062
85,110_ga,0.520182,3.299325,0.468750,0.688281,0.514844,0.468750,0.494531,0.460938,0.688281,0.494531,0.493750,0.514844,0.460938,0.493750
85,110_gc,0.547266,3.164684,0.528906,0.512500,0.489062,0.528906,0.700781,0.534375,0.512500,0.700781,0.517969,0.489062,0.534375,0.517969
86,,0.396094,3.873830,0.417969,0.420312,0.380469,0.417969,0.409375,0.372656,0.420312,0.409375,0.375781,0.380469,0.372656,0.375781
86,110_cov,0.544141,3.187627,0.505469,0.487500,0.510156,0.505469,0.541406,0.667188,0.487500,0.541406,0.553125,0.510156,0.667188,0.553125
86,110_ct,0.552734,3.140730,0.553125,0.498437,0.542969,0.553125,0.513281,0.700000,0.498437,0.513281,0.508594,0.542969,0.700000,0.508594
86,110_ga,0.534245,3.173326,0.475000,0.640625,0.552344,0.475000,0.518750,0.472656,0.640625,0.518750,0.546094,0.552344,0.472656,0.546094
86,110_gc,0.535286,3.179832,0.535937,0.518750,0.503125,0.535937,0.666406,0.508594,0.518750,0.666406,0.478906,0.503125,0.508594,0.478906
87,,0.387630,3.880820,0.387500,0.350000,0.356250,0.387500,0.381250,0.440625,0.350000,0.381250,0.410156,0.356250,0.440625,0.410156
87,110_cov,0.550130,3.114878,0.554688,0.512500,0.542188,0.554688,0.509375,0.679688,0.512500,0.509375,0.502344,0.542188,0.679688,0.502344
87,110_ct,0.545833,3.143589,0.473437,0.457812,0.492969,0.473437,0.623437,0.627344,0.457812,0.623437,0.600000,0.492969,0.627344,0.600000
87,110_ga,0.552865,3.146529,0.564844,0.700000,0.507031,0.564844,0.555469,0.493750,0.700000,0.555469,0.496094,0.507031,0.493750,0.496094
87,110_gc,0.514974,3.346203,0.441406,0.442187,0.435156,0.441406,0.733594,0.518750,0.442187,0.733594,0.518750,0.435156,0.518750,0.518750
88,,0.386458,3.879676,0.377344,0.371875,0.392188,0.377344,0.390625,0.403125,0.371875,0.390625,0.383594,0.392188,0.403125,0.383594
88,110_cov,0.548698,3.125160,0.507812,0.496875,0.525000,0.507812,0.532031,0.682031,0.496875,0.532031,0.548438,0.525000,0.682031,0.548438
88,110_ct,0.519792,3.277875,0.482812,0.455469,0.503125,0.482812,0.500781,0.689063,0.455469,0.500781,0.487500,0.503125,0.689063,0.487500
88,110_ga,0.552604,3.105088,0.576562,0.657813,0.515625,0.576562,0.568750,0.474219,0.657813,0.568750,0.522656,0.515625,0.474219,0.522656
88,110_gc,0.554427,3.173570,0.595313,0.598437,0.492188,0.595313,0.667969,0.486719,0.598437,0.667969,0.485938,0.492188,0.486719,0.485938
89,,0.396484,3.833302,0.406250,0.441406,0.414844,0.406250,0.332031,0.407813,0.441406,0.332031,0.376563,0.414844,0.407813,0.376563
89,110_cov,0.519661,3.222461,0.519531,0.435156,0.507812,0.519531,0.472656,0.700781,0.435156,0.472656,0.482031,0.507812,0.700781,0.482031
89,110_ct,0.544141,3.165519,0.503125,0.450000,0.510156,0.503125,0.551562,0.696875,0.450000,0.551562,0.553125,0.510156,0.696875,0.553125
89,110_ga,0.539323,3.203842,0.450781,0.705469,0.599219,0.450781,0.451562,0.423438,0.705469,0.451562,0.605469,0.599219,0.423438,0.605469
89,110_gc,0.553646,3.183902,0.589063,0.585938,0.466406,0.589063,0.669531,0.504687,0.585938,0.669531,0.506250,0.466406,0.504687,0.506250
8,110_cov,0.509375,3.383489,0.481250,0.457812,0.504687,0.481250,0.440625,0.723437,0.457812,0.440625,0.448438,0.504687,0.723437,0.448438
8,110_ct,0.525260,3.247513,0.451562,0.460156,0.442187,0.451562,0.540625,0.725781,0.460156,0.540625,0.531250,0.442187,0.725781,0.531250
8,110_ga,0.515104,3.276707,0.528125,0.717187,0.466406,0.528125,0.529687,0.382812,0.717187,0.529687,0.466406,0.466406,0.382812,0.466406
8,110_gc,0.547266,3.148004,0.515625,0.517188,0.449219,0.515625,0.693750,0.550781,0.517188,0.693750,0.557031,0.449219,0.550781,0.557031
9,,0.417708,3.727028,0.477344,0.411719,0.404687,0.477344,0.423438,0.425000,0.411719,0.423438,0.364062,0.404687,0.425000,0.364062
90,,0.394661,3.853897,0.385938,0.328125,0.403906,0.385938,0.384375,0.417969,0.328125,0.384375,0.447656,0.403906,0.417969,0.447656
90,110_cov,0.544141,3.221881,0.491406,0.482812,0.500000,0.491406,0.552344,0.673438,0.482812,0.552344,0.564844,0.500000,0.673438,0.564844
90,110_ct,0.494141,3.480996,0.463281,0.406250,0.460938,0.463281,0.442969,0.753125,0.406250,0.442969,0.438281,0.460938,0.753125,0.438281
90,110_ga,0.547656,3.142574,0.560937,0.605469,0.549219,0.560937,0.553906,0.476562,0.605469,0.553906,0.539844,0.549219,0.476562,0.539844
90,110_gc,0.514062,3.323816,0.449219,0.439844,0.439844,0.449219,0.731250,0.500781,0.439844,0.731250,0.523438,0.439844,0.500781,0.523438
91,,0.401432,3.808586,0.365625,0.401563,0.394531,0.365625,0.369531,0.450781,0.401563,0.369531,0.426562,0.394531,0.450781,0.426562
91,110_cov,0.561719,3.093824,0.481250,0.505469,0.500000,0.481250,0.598437,0.657031,0.505469,0.598437,0.628125,0.500000,0.657031,0.628125
91,110_ct,0.543229,3.128077,0.522656,0.453906,0.507031,0.522656,0.548438,0.680469,0.453906,0.548438,0.546875,0.507031,0.680469,0.546875
91,110_ga,0.558984,3.079106,0.584375,0.641406,0.484375,0.584375,0.609375,0.525781,0.641406,0.609375,0.508594,0.484375,0.525781,0.508594
91,110_gc,0.539323,3.170530,0.457812,0.486719,0.500781,0.457812,0.639844,0.564063,0.486719,0.639844,0.586719,0.500781,0.564063,0.586719
92,,0.414323,3.741413,0.448438,0.415625,0.381250,0.448438,0.490625,0.377344,0.415625,0.490625,0.372656,0.381250,0.377344,0.372656
92,110_cov,0.549479,3.117401,0.498437,0.513281,0.485938,0.498437,0.582031,0.653125,0.513281,0.582031,0.564063,0.485938,0.653125,0.564063
92,110_ct,0.562500,3.125072,0.494531,0.489844,0.496875,0.494531,0.605469,0.678125,0.489844,0.605469,0.610156,0.496875,0.678125,0.610156
92,110_ga,0.531380,3.176558,0.509375,0.661719,0.478906,0.509375,0.540625,0.485938,0.661719,0.540625,0.511719,0.478906,0.485938,0.511719
92,110_gc,0.510156,3.370576,0.510938,0.513281,0.415625,0.510938,0.700781,0.464844,0.513281,0.700781,0.455469,0.415625,0.464844,0.455469
93,,0.399349,3.805244,0.392969,0.485938,0.423438,0.392969,0.329688,0.384375,0.485938,0.329688,0.379687,0.423438,0.384375,0.379687
93,110_cov,0.546484,3.170891,0.474219,0.602344,0.571094,0.474219,0.494531,0.519531,0.602344,0.494531,0.617188,0.571094,0.519531,0.617188
93,110_ct,0.534245,3.188617,0.545312,0.489062,0.567187,0.545312,0.452344,0.667188,0.489062,0.452344,0.484375,0.567187,0.667188,0.484375
93,110_ga,0.526432,3.226996,0.485156,0.737500,0.508594,0.485156,0.470313,0.457031,0.737500,0.470313,0.500000,0.508594,0.457031,0.500000
93,110_gc,0.543750,3.150080,0.550781,0.575781,0.475781,0.550781,0.660937,0.503125,0.575781,0.660937,0.496094,0.475781,0.503125,0.496094
94,,0.399740,3.792176,0.385938,0.448438,0.395312,0.385938,0.423438,0.371875,0.448438,0.423438,0.373437,0.395312,0.371875,0.373437
94,110_cov,0.556250,3.174835,0.482031,0.659375,0.623437,0.482031,0.474219,0.482031,0.659375,0.474219,0.616406,0.623437,0.482031,0.616406
94,110_ct,0.555469,3.137227,0.589063,0.481250,0.591406,0.589063,0.501563,0.681250,0.481250,0.501563,0.488281,0.591406,0.681250,0.488281
94,110_ga,0.549740,3.176757,0.550000,0.701562,0.488281,0.550000,0.560156,0.492188,0.701562,0.560156,0.506250,0.488281,0.492188,0.506250
94,110_gc,0.531510,3.234521,0.546094,0.552344,0.473437,0.546094,0.655469,0.479688,0.552344,0.655469,0.482031,0.473437,0.479688,0.482031
95,,0.377474,3.907084,0.339844,0.398438,0.369531,0.339844,0.400781,0.350781,0.398438,0.400781,0.405469,0.369531,0.350781,0.405469
95,110_cov,0.540755,3.230041,0.461719,0.538281,0.539844,0.461719,0.527344,0.556250,0.538281,0.527344,0.621094,0.539844,0.556250,0.621094
95,110_ct,0.514323,3.293969,0.478906,0.525000,0.480469,0.478906,0.492969,0.624219,0.525000,0.492969,0.484375,0.480469,0.624219,0.484375
95,110_ga,0.546094,3.157624,0.527344,0.699219,0.521875,0.527344,0.524219,0.481250,0.699219,0.524219,0.522656,0.521875,0.481250,0.522656
95,110_gc,0.554427,3.186493,0.486719,0.492969,0.489062,0.486719,0.688281,0.584375,0.492969,0.688281,0.585156,0.489062,0.584375,0.585156
96,,0.373437,3.899707,0.412500,0.349219,0.388281,0.412500,0.310937,0.396875,0.349219,0.310937,0.382812,0.388281,0.396875,0.382812
96,110_cov,0.538542,3.201392,0.556250,0.524219,0.599219,0.556250,0.442969,0.603906,0.524219,0.442969,0.504687,0.599219,0.603906,0.504687
96,110_ct,0.522526,3.245929,0.573438,0.407813,0.589844,0.573438,0.428125,0.706250,0.407813,0.428125,0.429688,0.589844,0.706250,0.429688
96,110_ga,0.500911,3.364185,0.504687,0.682813,0.447656,0.504687,0.497656,0.432031,0.682813,0.497656,0.440625,0.447656,0.432031,0.440625
96,110_gc,0.539062,3.173982,0.445312,0.435156,0.445312,0.445312,0.704688,0.604688,0.435156,0.704688,0.599219,0.445312,0.604688,0.599219
97,,0.394010,3.835221,0.429688,0.416406,0.367969,0.429688,0.397656,0.353125,0.416406,0.397656,0.399219,0.367969,0.353125,0.399219
97,110_cov,0.542448,3.206129,0.524219,0.485156,0.533594,0.524219,0.525000,0.641406,0.485156,0.525000,0.545312,0.533594,0.641406,0.545312
97,110_ct,0.553906,3.086564,0.500000,0.508594,0.515625,0.500000,0.562500,0.664844,0.508594,0.562500,0.571875,0.515625,0.664844,0.571875
97,110_ga,0.564063,3.112541,0.495313,0.678906,0.614844,0.495313,0.488281,0.495313,0.678906,0.488281,0.611719,0.614844,0.495313,0.611719
97,110_gc,0.553385,3.191896,0.517969,0.512500,0.475781,0.517969,0.663281,0.576562,0.512500,0.663281,0.574219,0.475781,0.576562,0.574219
98,,0.393099,3.823921,0.395312,0.403906,0.383594,0.395312,0.412500,0.360156,0.403906,0.412500,0.403125,0.383594,0.360156,0.403125
98,110_cov,0.536458,3.172635,0.491406,0.508594,0.479688,0.491406,0.551562,0.653906,0.508594,0.551562,0.533594,0.479688,0.653906,0.533594
98,110_ct,0.547266,3.130852,0.571094,0.465625,0.557813,0.571094,0.507031,0.679688,0.465625,0.507031,0.502344,0.557813,0.679688,0.502344
98,110_ga,0.507812,3.358127,0.448438,0.692187,0.540625,0.448438,0.431250,0.388281,0.692187,0.431250,0.546094,0.540625,0.388281,0.546094
98,110_gc,0.543620,3.140108,0.475781,0.485156,0.474219,0.475781,0.664062,0.574219,0.485156,0.664062,0.588281,0.474219,0.574219,0.588281
99,,0.388281,3.855688,0.360156,0.410937,0.391406,0.360156,0.427344,0.368750,0.410937,0.427344,0.371094,0.391406,0.368750,0.371094
99,110_cov,0.542708,3.177907,0.478906,0.685156,0.548438,0.478906,0.475000,0.517969,0.685156,0.475000,0.550781,0.548438,0.517969,0.550781
99,110_ct,0.541667,3.194668,0.519531,0.453906,0.513281,0.519531,0.542969,0.680469,0.453906,0.542969,0.539844,0.513281,0.680469,0.539844
99,110_ga,0.516927,3.291037,0.413281,0.733594,0.540625,0.413281,0.425781,0.428906,0.733594,0.425781,0.559375,0.540625,0.428906,0.559375
99,110_gc,0.550651,3.133710,0.508594,0.511719,0.455469,0.508594,0.696875,0.569531,0.511719,0.696875,0.561719,0.455469,0.569531,0.561719
9,110_cov,0.527604,3.214183,0.555469,0.459375,0.532813,0.555469,0.469531,0.702344,0.459375,0.469531,0.446094,0.532813,0.702344,0.446094
9,110_ct,0.528516,3.232187,0.521094,0.459375,0.512500,0.521094,0.479688,0.728906,0.459375,0.479688,0.469531,0.512500,0.728906,0.469531
9,110_ga,0.549479,3.148191,0.624219,0.631250,0.500000,0.624219,0.596094,0.473437,0.631250,0.596094,0.471875,0.500000,0.473437,0.471875
9,110_gc,0.548047,3.132252,0.567969,0.550781,0.491406,0.567969,0.678125,0.509375,0.550781,0.678125,0.490625,0.491406,0.509375,0.490625
